{
  "certifiedmath": {
    "arithmetic_1000_ops": 0.07079995702952147,
    "transcendental_100_ops": 0.020700041204690933
  },
  "pqc": {
    "keygen_10_ops": 0.06440002471208572,
    "sign_50_ops": 0.10590004967525601
  },
  "hsmf": {
    "validation_100_ops": 0.01409999094903469
  },
  "deterministic_replay": {
    "replay_deterministic": true,
    "replay_time_consistency": 0.041700026486068964
  }
}